{"cameraMode":{"drawMode":0,"name":"Shaded","section":"Shading Mode"},"sceneLighting":true,"audioPlay":false,"sceneViewState":{"showFog":true,"showMaterialUpdate":false,"showSkybox":true,"showFlares":true,"showImageEffects":true,"showParticleSystems":true},"in2DMode":false,"pivot":{"x":-5.37755823135376,"y":4.104491233825684,"z":1.7939550876617432},"rotation":{"x":-0.09475740790367127,"y":-0.6536872386932373,"z":0.08300861716270447,"w":-0.7462062239646912},"size":6.607396125793457,"orthographic":false}