{"cameraMode":{"drawMode":0,"name":"Shaded","section":"Shading Mode"},"sceneLighting":true,"audioPlay":false,"sceneViewState":{"showFog":true,"showMaterialUpdate":false,"showSkybox":true,"showFlares":true,"showImageEffects":true,"showParticleSystems":true},"in2DMode":false,"pivot":{"x":3.214247703552246,"y":-11.40565299987793,"z":56.899993896484378},"rotation":{"x":-0.09583035856485367,"y":0.08261331915855408,"z":-0.007980845868587494,"w":-0.9919314384460449},"size":8.367949485778809,"orthographic":false}