{"cameraMode":{"drawMode":0,"name":"Shaded","section":"Shading Mode"},"sceneLighting":false,"audioPlay":false,"sceneViewState":{"showFog":true,"showMaterialUpdate":false,"showSkybox":true,"showFlares":true,"showImageEffects":true,"showParticleSystems":true},"in2DMode":false,"pivot":{"x":0.019046545028686525,"y":1.7476239204406739,"z":4.408374786376953},"rotation":{"x":0.19307678937911988,"y":-0.2790651321411133,"z":0.05738678574562073,"w":0.9389094114303589},"size":22.588594436645509,"orthographic":false}